{
  "$schema": "https://raw.githubusercontent.com/grafana/grafana/master/docs/sources/developers/plugins/plugin.schema.json",
  "dependencies": {
    "grafanaDependency": ">=10.0.0",
    "plugins": []
  },
  "id": "volkovlabs-echarts-panel",
  "info": {
    "author": {
      "name": "Volkov Labs",
      "url": "https://volkovlabs.io"
    },
    "description": "Powerful visualizations powered by Apache ECharts.",
    "keywords": ["business", "echarts"],
    "links": [
      {
        "name": "Documentation",
        "url": "https://volkovlabs.io/plugins/volkovlabs-echarts-panel/"
      },
      {
        "name": "Examples",
        "url": "https://echarts.volkovlabs.io"
      },
      {
        "name": "GitHub",
        "url": "https://github.com/VolkovLabs/volkovlabs-echarts-panel"
      }
    ],
    "logos": {
      "large": "img/logo.svg",
      "small": "img/logo.svg"
    },
    "screenshots": [
      {
        "name": "Dashboard",
        "path": "img/dashboard.png"
      },
      {
        "name": "Examples",
        "path": "img/examples.png"
      }
    ],
    "updated": "2024-03-26",
    "version": "6.0.0"
  },
  "name": "Business Charts",
  "type": "panel"
}
